id,show_number
00b598d1-2a7d-4c1e-99a3-dbd541aa722f,436
01e6449b-c47f-4865-8ce2-373f668a02ee,556
02879bec-2090-468e-bb54-97255f022f10,400
02f5a079-8ce5-43a2-9105-7d44b761e7df,320
03ae064a-4775-475c-a030-62504cc1d0f9,669
054db755-15b3-42e2-a2fe-aa1643bf3c16,505
055e2ccc-4f25-4599-b2a4-5a9e4f49d18c,664
06002512-3f33-41f4-8753-c7e862a81438,325
061c8028-b23d-48ba-82aa-2b1253f6b1ce,608
062e39c7-038b-4743-8df6-3ed57833d3d1,545
07a5e3cb-4abe-48a8-bf0e-de3190942e06,328
082ee913-a1e1-4e5e-aee0-c76af7be2dcc,606
0a336aee-7197-49a3-bb9a-2418f644715f,520
0b074320-a75b-438a-9e07-eb620156c995,383
0b2b11ee-1386-4acd-a5ec-804ddf30fea3,629
0b8b50e3-a247-4c3e-8275-67b13261939f,375
0c4058b8-f4b2-42b7-8930-f70cd7557b41,431
0d76a41b-9721-416c-ba2f-c3a4b012c16d,514
0e659d7c-5c25-4c2c-b00c-d26733c58908,437
0fd4d7d1-5e25-4396-b100-0046a9ea5d04,634
0fe1727e-4456-4a10-8729-0f2fa7a10c72,561
10bf5eb0-8658-4d3d-8ac5-9ccedc24f4f7,445
11555151-48da-487a-af42-c41ebe21252a,570
11a03f2f-e858-453b-b5d3-6ee67438bc85,596
129af48b-6bda-40f0-801d-f1fc7273ace6,466
1314e187-a316-4201-9d2e-0f60d6834505,673
138c08f2-004c-4b8a-9ff1-d9ca8ef481f3,619
14b2de7f-45bf-496e-9dbc-904e6f1afc7d,700
15a2a9c7-aa1a-4bc8-9835-80ea457f1c81,310
16a534fc-ae05-486b-9eea-b9e7a1a57419,532
16a951b5-556c-48cc-a2b5-13faecc8e1b1,434
17b7e69c-412c-40bc-a836-33ad3aa58f83,425
189a4cdc-3eb5-492b-b598-b033cb54310d,654
18a5beb7-6846-4113-b703-9b365813878d,337
1961458b-398a-4cd9-aad4-d18e7a9fe447,674
1a138d4f-2210-478c-933f-6388b60d0904,409
1bacc5ba-8d03-49a1-94a8-2f823b98a65d,476
1bae934d-156d-415a-a793-2606337da163,511
1bbca910-4371-4d84-b4e0-c2aa92523aa6,479
1bd14032-5257-4d17-a56e-378f3fe12baf,513
1c2945a5-b00f-4b60-989b-eb01b898d517,683
1cbd0fc3-c196-43fc-ae57-85f05bb2d742,622
1e2acbbd-f1a1-4a4d-a524-94368dc8628c,574
1ea3712c-3f32-476d-980a-28754e7a20e0,428
1f519fda-3f58-4afd-b394-b3eabcc4406a,391
20dfe67e-5041-4ef5-a38c-7f26c7215c12,566
21c3dd2d-8803-4aac-8673-73efe539a72c,349
22bf655c-9b83-47cb-a87a-2dce7bc05934,587
22c4ecc5-50f6-4366-8cb0-18550511ba41,579
231b65f7-fbe6-4972-a03e-7116948d015e,616
26909777-40a2-4800-83c8-9cba05ac5d04,427
274c7552-7228-442b-8b87-2f714f235d9a,568
286dda05-689f-43be-bf6d-5fc26a0de5d6,335
289599f3-528f-4fe0-bc1b-cc4ae13a61f1,557
28dec84d-0eae-4253-9a7f-5852aeca6da0,686
2a8729d0-444e-4c71-8ecb-d3f1813d1154,443
2ab8b87b-03f4-45c0-9148-66c86071e20a,381
2b0a785a-bae5-4a29-91a5-b695d82a6b44,512
2bf536e1-1e46-4208-b0b8-4539b357fffe,609
2cb7624a-e727-4d09-8921-3da5d1dbb598,399
2d0e318e-ebec-4e35-a0a5-9e8030bf7269,698
2dce1ea9-6cf0-4120-ad6c-55e0b11c43e7,412
2e5df7af-952b-4ba1-835c-56cbc3ad674d,553
2e8feeca-60ed-4a40-bbc3-a6482740d945,481
2ee446a5-6004-4e42-b235-495d31bdb652,453
303522b0-03a4-4319-9204-de75c407ce26,464
30934cfc-44dc-4851-8bf8-657aa939a390,567
31921ed7-d816-4056-ac36-2f15d08e65e0,692
325794e6-67db-40e9-a8da-33a3aa8a7d7d,407
330852d7-ca1f-433a-989a-a2c3dcdc1520,456
3328b1a5-6e13-4b20-a3fd-6e33de6009ca,661
33f65284-6cd3-48d6-91c7-b0d307d4efc0,338
3514a497-1ce7-47cb-bf6e-744ffa69c9be,465
3556dc7c-9794-4e3c-b13b-e1d32a32e00d,455
35b71b30-ea9f-42c7-a8a5-c9ad40e3264a,528
36c98ff4-d044-44be-98e4-b95b1be5df9c,352
375ea6cb-f461-410d-869c-8f078c04902d,627
376c0f2f-d600-4e0c-ae17-ac775237d18a,429
37f1c7ca-8c6e-40a9-b8db-764ac3a39d5b,539
39060964-0844-4aa3-a686-3cf725511e7a,442
399ce5c1-21df-424f-939c-627171d1878c,665
3a4092d3-b29f-4aa1-86ac-9d00c1cf140a,529
3a4524e6-f3e8-43ee-8f90-0f8149bd343a,305
3ae264fe-a5d6-4211-9a61-f4d06765908d,365
3bccd4bf-56e9-4e3a-b2f6-b6a8b50ddafb,494
3dc30da7-0081-4942-8e9f-c127728c5ab6,448
3de24110-2801-4a4d-b30b-a25e8c07246f,501
3eb15389-e7b9-4fb6-8bde-11810dd64350,565
3ed0a2ba-0b59-4d4c-9d41-ca7d2df42b8e,496
410b4bc1-89ae-434b-ad37-dc2116547ecc,369
4163f8ff-3e1b-4d75-8ce7-ca65a41619f8,508
42650d36-21bb-4de8-b6c7-cd06b691c4a0,389
42d5d006-aaee-4b9a-bd47-121b77b8a3f7,564
4517c4f0-a953-4048-9b3b-60ade7c8f2ad,611
454712f4-caf1-442d-9b71-46a6420eb660,460
456fea6e-7364-4466-80b2-58333395ff81,368
45e26711-b6a8-4447-931b-0939eefdfc39,696
46ad87c9-db62-416c-9fee-8300f61d59d8,502
4744c78b-b0f5-4ed4-8e3c-40c68b66f2ca,559
488c6cd1-132e-4970-b3d6-cd233d47163f,569
48c598bd-b427-4bc3-95b2-bda73f1f1231,540
49d917a6-1f8e-43e1-ae08-cbe78b5fba1e,377
4a3d4434-258f-4682-a68d-6a41f4fba5b9,329
4a692681-93a7-448a-aade-cc5ce2829795,454
4b324422-bf36-4dc0-888f-456570bbbc4f,441
4b5362fe-178c-4fac-98db-b8a9ffdee882,687
4c06a429-70e7-4922-ad08-9557a0377151,353
4cb49950-2052-4e6c-9222-31ad14e8b483,493
4cbe5126-e6b7-4537-90e7-aef73a54936f,638
4d0f6394-ee99-4cc6-93bd-f48d84c40a94,422
4d95ca58-64f2-4141-9877-fa96cb4a82b1,649
4dedaccb-0688-40e5-bc4b-b0391aa1c044,385
4e40e682-319a-4077-8b8c-dc5ecb2efec9,607
4f1bd167-ac77-436d-a763-4142507c923c,690
4f2dcc30-e62f-4749-a6a6-44419498451a,642
5175282a-5006-46b1-bba4-1314104479f9,582
52de29a4-60d3-4680-9261-de20e439f44e,384
534738d6-b667-44d8-8b77-4480345213c5,614
54ca7fcb-ff16-4f13-b09a-96392b3d8b95,386
54cd8924-0d83-4d34-9f45-d22280b8f2df,452
54da3aa5-86d4-4a62-8f74-6aa5074e11a1,316
550c3cd0-5d22-41b8-acf1-04c1e3ac422b,541
56376797-c88c-4d6e-a703-408e5fefa299,679
56bc5d21-be8a-4a39-82c2-2e914c73158a,628
57072f57-415f-4e07-9a5d-e53a1178a426,538
57081b74-6742-4186-8a60-928238735dd6,555
575f2295-3ddf-4188-ba08-c0298dae8614,560
593f99e2-9f22-4891-af0a-d83b325d4b35,474
59e7caed-90b4-4173-8d8e-2e4535c3cdbd,525
5a75ed84-faa2-4c8b-89db-d10f2002901e,360
5c40925f-7564-43af-a792-43ae032e3335,585
5d377e04-faaa-466a-8823-40d8b466af36,624
5e97ce97-85fe-4655-aee0-45c80aa5f738,595
5f05f7d4-4d8f-4a55-b68a-27cf34a4b0ed,676
5f1bb324-076a-4cae-82cc-65e888c5c726,462
5f32d94b-06b2-4ce1-be8b-0d9e32e7b31f,397
604a9723-a9a9-45a0-846a-f283045851c3,491
605da952-c960-4352-b90b-bd0d4014681a,421
606214bc-289b-4367-8b3e-f7c1543d1506,623
608f3b42-18bb-4c4b-8a26-2c75c3ba5def,341
60bef94e-1a03-4cef-a07a-8cc248a16a36,334
621d1ef9-5386-46a5-a580-43738a1702f7,416
62d4c27c-da07-4a33-ac0e-d549369c1fc5,363
630804bd-9dbb-4c49-8922-93b5f2d40533,517
64614f06-b140-4172-bd6b-5b457b15f232,668
651035b4-6682-4b23-a869-d63df1053fba,632
651640b4-d6e8-4214-a831-a2b8f342ffa7,488
660e45db-a0e3-4447-8b17-2460037f0ecb,589
66128764-139f-42fb-b0a6-6e54be4d983b,581
66829351-33da-42df-9d35-557d9c2ebb3e,304
670c205f-0855-402f-b293-cbec713c2992,618
67ded7b1-5e23-4162-b1c3-24459aeadbaf,507
698b383d-3039-4d23-8b25-5927f266ddd7,380
6a470d38-9ebd-44e1-bbdb-60009a85525a,577
6a8e4af4-c29b-4136-bde5-3fbf519864d8,395
6aa3e00a-165b-4b12-a836-e3fb98174f3e,542
6aac78e5-1567-4054-87a7-82ed08f3459d,495
6aad1192-d440-4d04-b298-58a7d11edcb7,458
6b3e6f6a-71c5-4a73-979f-571ac8cf8203,571
6c75f55a-b139-4841-82dd-96f613e43783,586
6dad3deb-9297-4674-96a4-75d7d85a7aa0,372
6eba36f5-504a-43d4-9362-a63a7bf7dd32,537
6ee7dcad-ff5e-44ff-9df6-df08af846ef1,480
6f4cd07b-11ac-489d-9831-39741fc20649,526
6ff4468b-c9f9-4a70-8f90-c0caa6cba6c9,406
70276524-769c-41cb-90b9-9c91ae03b4a7,311
70bb5cda-dec1-4c51-970e-22005df8cff2,418
73c52b84-7254-4e80-a23e-3c7d1dc4426d,536
745cb1c5-a8e9-4fe9-b208-cd39f074e0a7,530
75c3f2f0-f23f-45dd-8c14-52046d22e5ec,633
75c47c7c-386f-4a82-bfba-979c8271446f,393
76792007-f329-4633-aa8d-5590b41a74b2,398
76a1d338-378c-49cc-a694-bf001a38edea,599
76cfbe18-8ab7-4424-86da-f546e33eacab,552
778d8801-7cb4-411d-8b3b-ceb3d832d911,695
786281ed-4fc2-461f-ab2c-6321bad4da8a,701
78f8e34f-eff6-4dfb-9dca-53788ce38c78,554
791cbf3e-7bbc-48ea-9f71-1fc419abc76a,340
796683ab-55a1-4298-b45b-d1bfba987b00,523
79f01fc8-02d3-47e8-aa1b-5b36ac18449a,324
7a7e6b6f-aed2-4b5a-b09c-e4a3959242ea,647
7a7fec68-d542-4907-8049-d35a9e495df5,601
7b90c326-ddb9-41aa-89ff-5230542f85d5,576
7c5d2534-0693-47a9-87d8-3cd6e1d5d601,339
7caf9014-4b82-42fd-9e1b-60e89ef6fac9,675
7cf14715-990a-4a78-be17-2f84d4141a6c,346
7d44fc4b-e1c9-4192-b6d8-0ce687c2eebd,414
7d69d9df-706b-4e37-947f-232cf0e65c86,379
7e2ee8e3-5cab-4828-9f1e-267801c2b4ce,333
7e500ec2-5b7f-4f50-8b5a-7580cd68d567,699
7e73f068-7853-410c-8559-23e653f3471c,450
7f4e491e-68dc-4bc0-95f2-90ea7328ab85,694
801ba3e7-32a5-4760-be74-1816a76eb981,440
808e2a39-d7da-46f6-98e0-f75bfaefaf38,645
80e6e104-087c-4b59-9419-d7fb29568ba4,543
8330a19c-eefa-4e48-bd3d-b87a824e6f84,302
83ef50a0-e019-42d7-9238-a814a2fdc251,394
856679d5-7903-4ad9-8d50-f084c5176131,301
8566c53b-1221-450d-bfe9-42d9e96441bc,653
856b5b9a-9bd7-413d-8f38-efa018244aa7,485
8597e4be-6db5-43b4-8051-73786d1d8df8,662
8631e05f-29d7-4775-9fd5-45b2e39d3662,594
86ba2e8a-f335-4cf2-8fcf-2dbc9ead2a0d,309
8754ae19-c626-482a-8e0f-a7eed9b02345,655
8940ca72-8f85-4737-bfec-d95d93fc83f4,602
8944a666-816c-4bdc-bbd0-eacea0279c7d,635
89a4275e-f094-471e-93d6-effe964bdecf,550
89db003d-08fc-4770-9c21-a611891dbecb,503
8aa5416c-374b-44b1-9f9b-bdd8306b1ef8,689
8c2e86fa-a3dd-4229-bff1-23b49bc57284,663
8d0681b5-9bb4-4c49-bc23-fab6ea10486c,420
8dc85e4f-0047-42b6-9790-a29f2f27cb22,351
90040321-4838-40e6-84f7-917e99b58398,563
9031332e-60ea-4b50-ad95-690c4a00300b,308
9078e852-6b42-478e-ab5d-f82e621d003b,355
90b9eed5-1071-4a4d-b7d7-7ea752d0df71,390
913b8b7e-2db0-4322-94b3-933773024603,515
91a20ce0-5268-4a8f-a849-6d32fd13577f,597
91d21ed5-df7a-4cef-8983-3f26bcbabfa1,348
922c69f6-9f53-4b1e-b616-88a3293f6e3c,584
928907b5-4d82-4d52-8a8f-aea848827c72,327
92a97622-e6f9-4a92-978b-b11e6ee59813,578
92d58375-8254-4cf1-a7b7-114656af710d,547
942567e2-ee1b-4100-99cc-f8e5155865d6,656
9495dbaa-2bf9-4c08-80d0-df32fc2d3f48,682
95894a61-fd5e-46df-a5fc-389d72aa286b,343
972f23b9-07e1-43a0-b592-9061355d21d0,626
973f8e20-c16c-482d-b2cc-02ba3e12b418,463
9760078b-d915-483c-95e0-27449a493d61,658
981f1ba9-7286-4b4f-9bb7-46eafa9f5626,362
984910dd-8013-4820-b0c0-ff1a12178bbb,482
99016d03-eeca-4231-ae33-5d7a839105ba,641
9920c143-ef92-478b-988f-8a8df4e4b8bc,317
9953137a-2dd7-44c1-a701-53ba201ca4db,319
9cae22e1-2b54-4079-b80f-479bd033c061,405
9d3b12f0-5fe0-4b40-a280-2274871d1e5d,667
9dae1b22-4080-4f97-9306-1b10257b4f2f,387
9eb2262a-ab1c-4570-aa9f-8d4a14c974c6,330
9f7ce5d0-2547-4f21-9c56-b1e6c703c4cb,648
9fa9e368-bc0b-4e8c-b399-2c262c70465c,646
a07da35b-a7c5-414c-bba1-9ec21164e2df,637
a4feee56-a991-4868-a1a3-d5c6d4e2cb3a,549
a77bdaab-8921-4d0e-9343-225882171c7e,509
a7b6816b-b4d3-430e-8174-e15c6ac3a6d6,684
a92e99d0-7091-44bf-9882-c769b8671d50,388
aa2c3ccd-199f-4621-ad14-2f0e8183d4b8,326
aa9fddae-a9f4-413f-8185-ef9dfd88a7e9,652
aaa3c125-5736-40d9-81aa-c5dd627a5358,625
aaa8e17e-4570-4f7a-8721-9c4545bda40b,354
ac2c1f2c-13b6-484f-8745-71a8ed08c314,671
acad5964-e096-4ebd-a425-337dae864ca5,461
acfffb15-0ae0-4992-96be-35cfc826257c,610
ae306539-4317-4476-b864-2df061d9ba8f,435
ae845ba2-6d14-489b-8715-5682f9956474,544
ae85c2b6-f422-401a-ab94-6b903d824d47,703
aed20a2c-6984-4f51-8df6-9fab39214de2,314
aefdf58e-5286-43f7-a134-cdc0285a6f32,382
af94d217-31a1-43b6-b154-8d6d532284c0,331
afe6d4fd-7e31-442e-8fc0-a50471396d94,433
b1dd6a0c-8e44-4d80-968c-4a2cb871f670,347
b20ef7ff-54a7-4e7c-bc3a-2b75b599e2d9,548
b22ee77e-48c1-4b45-be3d-5426aa64f2fb,657
b43faf3b-bd64-4506-bc6c-b9048248de89,558
b44baf68-bd73-4117-830f-168c6700de40,659
b5e5c466-7370-4795-916e-366278f1ab96,411
b620db25-188b-47df-a9f7-25b193f02b22,449
b6f037ee-6b93-4017-ac00-5f586c9d7e5e,531
b77051d5-3431-4b35-81c0-d6be986a1ea8,404
b7a84394-d242-4896-ad20-4bb8ced47a22,651
b7e626a6-ca90-45d3-922b-31efac20f104,312
b8251e4f-ad5c-406f-a47b-6bc536dbd58b,423
b85c7bdd-2388-43f7-95a0-014b5d7f5eaf,477
b88fa11a-b503-41d7-a5dc-abbc78f56ee8,702
b8de499f-6a71-4d6e-b277-9f45cdc7a926,677
b98ecce8-df52-41fe-9e1d-8d134481dbed,504
b9e3dd21-7ed0-4315-b435-a7e35c6cb27f,639
ba5b5f76-ff91-4a1d-b4b6-72b614de62fc,621
ba62c0fb-ec13-4af2-bfdc-d25562212ee9,636
ba7c2cd4-1d45-4a35-b8ef-22728f1716b5,374
bb949732-1e96-40ce-a2ca-c8c5c545ef9a,430
bc404bc3-aad6-407c-8eec-66ccc9323434,693
bc794b16-1af6-4bec-93be-6300b6b29d9c,439
bc9bbefe-602b-47d2-8e78-46d87722e498,593
bcbdddcd-bf2d-4d00-b863-f57b713ab582,603
bd98e843-0061-49af-be2f-8de125f82012,350
bdac21b9-082c-4c48-930e-9ee226ef5ddf,415
be8f3d54-7c64-4bcc-9647-813e6ec825e4,408
bf0c5219-b3a8-4d89-9092-deea435e1ca3,413
bf132db9-dab2-4b49-8949-43825fb9e3b7,315
bf7f20c9-da0a-4065-9459-28f175e001ff,438
bf9ae9b6-992f-4c08-98d7-577c29678903,370
c0aa0141-a134-4289-ad54-fb2215a41fce,402
c1fca820-b731-42cd-8a38-8827562d4d4b,620
c264a4a7-a496-4e85-a27e-f6cb3ff78dfa,471
c2e42b3e-eb22-4182-a320-da9d76def27d,483
c3d6ef3a-7d86-4648-924c-ed7de1fe3ff4,475
c4285bd9-9b21-4324-842a-e2ff1fec69c2,392
c541e88a-a0af-49af-9c5b-cfd46be68d66,451
c54b8d10-9398-43b3-9faa-4f9b00bd5beb,598
c577715e-23d2-45d3-a831-0e7cf2c71e99,562
c636cd76-681f-4f14-972b-50d34727ce7b,681
c7399a1e-4ca0-4c81-90a5-6ae4c51d4642,534
c7717bdb-5a21-4586-be5a-7904fde06c15,605
c7bd83c0-0da7-4fcf-a802-313a5feeaf2d,426
c84b98e1-9c97-45f0-954b-525d26d6794e,396
c9c6c0e7-7657-4d86-bfc5-f8e9c0437f4d,500
ca082048-5e59-46c9-b14d-25e109d433b2,497
ca75d9b4-41fa-479c-8f79-cd085b268245,524
ca82f1ed-2d11-473f-82d0-af674252c96c,643
cbc2bb82-2720-4ab6-b3d7-aaeafd467037,467
cc3b9730-5443-497c-a97b-77fdcec601d1,345
cc58b367-4685-4172-80dd-d414265be303,580
cc8b6078-3459-44b8-8655-650ab331974e,535
cc9bdd3c-60d5-410d-b97b-988b64a524df,680
cd3ba5a2-2201-4576-82c4-df845ab4b29d,492
ce212672-85cc-44e7-8c81-9a736ded66ce,376
ce34269e-171d-423b-a637-3230c5831a22,473
cf0588ab-5dd7-4bb4-a105-26db635fc06d,432
cff360c3-df7f-498f-9175-25b75d0b0418,419
d05d3966-d0dc-441e-b8c0-a53d3d57e079,371
d0a75bbb-c67f-4790-a27f-55395a47615e,600
d2ac0dee-7832-487b-b5ae-1d59e18b0656,332
d300468f-aea2-41ca-b9c5-b4c14ce0144e,366
d32ca2f6-f6eb-4169-a224-9f570348d09c,583
d3a1e390-4ee4-4c6b-8a5b-b8b633dfc198,640
d3cbbe14-ffbb-485a-89d5-526f5fe5c65a,403
d3e4d93a-8335-49a9-8a90-44e681a85558,457
d54f4d5a-5592-47f3-bbd3-eb84cb9f8a44,617
d557ec7a-50cb-4c6f-8658-7bc172bcabad,498
d593766a-75d2-480e-b807-95db67a797d8,321
d5a411df-0faa-4f97-b53b-ecea69c79018,378
d5f2adef-681f-43fd-a8b0-25310a6975dd,527
d6fb9534-32f6-40cd-8e30-c66cf8a4666f,518
d86488a6-2f6a-491b-bf8a-749cb9c2c3c9,447
d8cdd8ea-258c-4cc5-86fe-fb7940cbdc40,472
d920f7b5-5530-4181-b87d-ef8599188bac,410
d9926838-a7b0-42b8-934f-cd108db85695,672
d997f534-e0c7-48d0-9305-5e86b69ab9dd,588
d9e9be14-209e-4bae-a8c3-b44cabc4e03e,323
dafeb7dd-bdcf-4b85-94f5-d5bcc65d3a37,551
db40fa77-49f5-4709-96fa-dbbaab3167f7,357
dbfd53f8-2b31-4d94-be1d-dc3f07c5dbf1,575
dc106a2a-c112-4921-8914-63cd9404f2e4,688
dc280319-4141-4821-829e-c0c5fa32eeb2,604
dcd2aa8e-4d26-4b30-8d82-2e7d24ee9444,401
dd85cda7-546b-4981-8b22-c0dc1814b9bd,342
ddfb9410-1094-458e-939b-ab8b3a9d876c,313
e05d71a5-1be4-4578-b7e1-cf01c688c443,533
e0ad45ed-99f0-41be-9bc6-313aa5185dd9,705
e1357d4c-e6f1-423d-8b51-9b61775a0ea0,591
e16ec781-8eb7-4192-a19e-727ecc8c9231,469
e29015da-fc97-4d7b-a0a5-775eb73a83d5,487
e2bb5928-f5c4-4339-b8a2-d52facde860c,356
e2bf9946-c789-4f84-bb35-fdc6b773bfb0,486
e3469103-8e26-4b35-8a1f-32cafac5f526,484
e3f80bc0-bddf-455a-85bf-5284a54951e6,572
e4927acd-e475-4f86-b66e-a267e2728f63,364
e4e221f1-ec92-4b4b-a0a2-a8c15dfbff9a,613
e59eb9c0-0edc-4eb4-ad32-3bc9c62ca6c0,417
e5ea3e04-4892-4524-97fb-fc7e23060d08,446
e632e817-78de-45f5-93d3-6b0fcfdc00f9,516
e6d4d175-2eee-4e6b-a6c2-8d1e62c28b79,519
e7710d3c-b565-45ce-8673-d62c7df13a8c,361
e79e8a75-4140-4f60-bd47-7ab1847d9608,631
e89e534a-2bd8-4d5e-84b2-edd6f8478e61,367
e8f85d9c-b7e8-458d-ac18-e7638008d94b,660
e94a3115-86f9-4eea-a08f-865a61de7e87,678
e9bb552f-16cb-4884-92e7-f2fd3edc474d,358
ea370cf0-1ae4-450e-9f60-6e622204e912,612
ea97255d-66a4-4620-b680-35394036a1da,489
eaa73997-a740-448b-a094-154dd0c84d5b,318
ebb590ba-aba1-4c5a-8fc6-f8a6f8e03082,666
ec11ae92-247c-4548-8936-a2afb44671ec,344
ecadc8b6-3f92-434e-bd75-974b69357d40,522
eed6b829-a5a5-4fb0-8171-f8c14b8087f7,546
ef570605-7102-4a40-9619-3457c9f780e5,478
ef813f91-850b-4201-8aa0-761c574d3ced,644
f0036c1f-ea14-4dc3-97a1-377646cee683,573
f0c3b66e-ab5d-4716-8b8f-fbcaf5f7c863,336
f0c60602-c978-45c9-ba5d-0048cb7c0dfb,303
f190c568-a57c-4e24-919f-78edfdc18a20,359
f2469f99-963b-4a9a-8f63-cb52c20debf4,650
f312250e-4a0e-42e9-86ca-df331971eb33,373
f31d408d-fbbe-42b4-becf-dea10470316e,630
f37bb18d-4b0e-4b2d-b04f-bd535c1f30b9,459
f387e53b-33f3-4a84-a8dd-a3eb6cf517ff,307
f4a4be6c-c9d3-4aca-9305-8bbbdb3efc45,685
f4fbc42d-ee8a-4327-bb53-9bbd124d43e5,424
f591716f-1347-4b37-bd1c-9e03f59329f7,670
f591f918-73bd-43c1-9ebd-f1478112cfd8,590
f61a32ed-dbb4-486c-959a-a1a65f88466e,499
f7493468-be27-477c-8d82-99b9ef0d41df,444
f8d56146-595e-437d-a7e3-053344ebbd59,490
f9068e8a-6823-420f-bc88-cad70ad4b81d,306
f95cd707-f20c-4343-b775-fc85310a7e70,521
fa39b44b-eb32-41e2-aa27-ea526d2ad846,322
fbe10787-2e06-4001-a801-1d09971bb795,468
fc85e7ff-2ed0-42ee-a847-992964a8c0c5,697
fd99984a-5245-440e-b799-4b20334db1a6,506
fe179d43-9f48-4e30-82d5-425c186ccba3,592
fee8518b-1db3-4f0f-b74c-3a09404d1978,470
ff56b023-9360-47ff-bb6c-114d42548703,691
ff5f06a7-5e67-4928-a6fb-9aacb19353df,615
ff753120-749a-453d-ade8-02c77da64c29,510